{"A": ["6nr8_2", "6nr9_2", "2zqm_A", "6nr8_1", "6nrc_1", "1fxk_B", "6nr8_4", "6nr9_4", "6nr9_6", "6nr8_6", "3aei_A"], "B": ["2zqm_A", "1fxk_B", "6nrc_1", "6nr8_1", "6nr9_2", "6nr8_2", "6nr8_6", "6nr9_6", "3aei_A", "6nr8_1"], "C": ["2zdi_C", "6vy1_a", "1fxk_C", "6nr9_5", "6nr8_5", "6nr8_3", "2zqm_A", "2zdi_C", "6nr8_3", "1fxk_C"], "D": ["2zqm_A", "1fxk_B", "6nr8_1", "6nrc_1", "6nr9_6", "6nr8_6", "6nr9_2", "6nr8_2", "6nr8_4", "6nr9_4", "3aei_A"], "E": ["6nr8_4", "6nr9_4", "6nr9_4", "6nr8_4", "6nr8_4", "6nr9_4"], "F": ["2zdi_C", "6nr8_3", "1fxk_C", "6vy1_a", "6nr9_5", "6nr8_5", "2zqm_A", "2zqm_A", "6nr8_3", "1fxk_C"]}